score_from_analyzer,verdict_code,subject_length,from_domain,body_length,url_count,ip_url_count,shortener_url_count,suspicious_tld_url_count,phishing_phrase_count,subject_suspicious_keywords,dangerous_attachment,suspicious_archive,mismatch_href_count,spf_fail,dmarc_fail,hidden_text,urgency_body,financial_bait,government_impersonation,free_email_sender,suspicious_domain_marker,sender_suspicious_tld,sender_domain_age_days,label
100,1,56,sberbank-verify.com,394,1,0,0,0,0,1,0,0,0,0,0,0,0,0,1,0,0,0,-1,1
65,1,49,vendor-invoice-pro.ru,763,1,0,0,0,0,0,0,0,0,0,0,0,0,0,0,0,0,0,-1,1
55,1,29,cloud-docs-sync.ru,646,1,0,0,0,0,0,0,0,0,0,0,0,0,0,0,0,0,0,-1,1
55,1,53,corp-training-portal.ru,756,1,0,0,0,0,0,0,0,0,0,0,0,0,0,0,0,0,0,-1,1
55,1,45,zoom-meeting-secure.ru,666,1,0,0,0,0,0,0,0,0,0,0,0,0,0,0,0,1,0,-1,1
100,1,63,microsoft-security-alert.ru,1508,1,0,0,0,1,1,0,0,0,0,0,0,1,0,0,0,0,0,-1,1
95,1,78,delivery-customs-clearance.ru,1414,1,0,0,0,1,0,0,0,0,0,0,0,1,0,0,0,0,0,-1,1
15,0,35,company-secure.net,334,1,0,0,0,0,1,0,0,0,0,0,0,0,0,0,0,1,0,-1,1
100,1,64,nalog-gov.ru,332,0,0,0,0,5,2,0,0,0,0,0,0,1,1,1,0,0,0,-1,1
95,1,40,secure-login-update.ru,628,1,0,0,0,1,0,0,0,0,0,0,0,1,0,0,0,1,0,-1,1
55,1,55,track-delivery.net,573,1,0,0,0,0,0,0,0,0,0,0,0,0,0,0,0,0,0,-1,1
55,1,49,hr-bonus-access.com,561,1,0,0,0,0,0,0,0,0,0,0,0,0,0,0,0,0,0,-1,1
100,1,52,vendor-secure-update.ru,670,1,0,0,0,0,0,0,0,0,0,0,0,0,0,0,0,1,0,-1,1
55,1,54,gift-portal-corp.ru,582,1,0,0,0,0,0,0,0,0,0,0,0,0,0,0,0,0,0,-1,1
55,1,44,corp-helpdesk-update.ru,787,1,0,0,0,0,0,0,0,0,0,0,0,0,0,0,0,0,0,-1,1
100,1,32,paypa1.com,59,2,1,0,0,0,3,0,0,0,0,0,0,0,0,0,0,0,0,-1,1
15,0,47,gmail.com,9233,9,0,0,0,0,0,0,0,0,0,0,1,0,0,0,1,0,0,-1,0
15,0,54,gmail.com,15206,20,0,0,0,0,0,0,0,0,0,0,1,0,0,0,1,0,0,-1,0
0,0,33,google.com,718,10,0,0,0,0,0,0,0,0,0,0,0,0,0,0,0,0,0,-1,0
0,0,15,telegram.org,159,0,0,0,0,0,0,0,0,0,0,0,0,0,0,0,0,0,0,-1,0
0,0,40,your-company.local,1203,0,0,0,0,0,0,0,0,0,0,0,0,0,0,0,0,0,0,-1,0
15,0,28,360.yandex.ru,20053,43,0,0,0,0,0,0,0,0,0,0,1,0,0,0,0,0,0,-1,0
0,0,67,dns-shop.ru,21279,29,0,0,0,0,0,0,0,0,0,0,0,0,0,0,0,0,0,-1,0
15,0,28,360.yandex.ru,13677,47,0,0,0,0,0,0,0,0,0,0,1,0,0,0,0,0,0,-1,0
20,0,38,alice.yandex.ru,6977,55,0,0,0,0,0,0,0,0,0,0,0,0,0,0,0,0,0,-1,0
0,0,45,gmail.com,12817,17,0,0,0,0,0,0,0,0,0,0,0,0,0,0,1,0,0,-1,0
15,0,31,accounts.google.com,1676,5,0,0,0,0,1,0,0,0,0,0,0,0,0,0,0,0,0,-1,0
0,0,0,,1,0,0,0,0,0,0,0,0,0,0,0,0,0,0,0,0,0,0,-1,0
15,0,40,gmail.com,3491,9,0,0,0,0,1,0,0,0,0,0,0,0,0,0,1,0,0,-1,0
15,0,23,duolingo.com,16315,24,0,0,0,0,0,0,0,0,0,0,1,0,0,0,0,0,0,-1,0
0,0,58,yandexlyceum.ru,785,3,0,0,0,0,0,0,0,0,0,0,0,0,0,0,0,0,0,-1,0
0,0,51,yandex.ru,502,2,0,0,0,0,0,0,0,0,0,0,0,0,0,0,1,0,0,-1,0
