dns_has_a,dns_has_mx,domain_age_days,has_at,has_form_flag,has_hidden_iframe,has_ip,has_js_redirect,has_meta_refresh,has_ssl,in_blacklist,non_standard_port,path_length,query_length,ssl_hostname_match,typosquatting,url_flags_count,url_length,url_score_from_analyzer,label
0,0,-1,0,0,0,0,0,0,0,0,0,13,0,0,0,2,48,40,1
0,0,-1,0,0,0,0,0,0,0,0,0,10,0,0,0,4,46,60,1
0,0,-1,0,0,0,0,0,0,0,0,0,1,0,0,0,4,47,60,1
0,0,-1,0,0,0,0,0,0,0,0,0,7,0,0,0,3,41,50,1
0,0,-1,0,0,0,0,0,0,0,0,0,1,0,0,0,3,43,50,1
1,1,7298,0,0,0,0,0,0,1,0,0,17,5,1,0,0,49,0,1
0,0,-1,0,0,0,0,0,0,0,0,0,1,0,0,0,4,36,60,1
1,1,9631,0,0,0,0,0,0,0,0,0,1,0,0,0,2,44,30,1
0,0,362,0,0,0,0,0,0,0,0,0,1,0,0,0,3,32,50,1
0,0,-1,0,0,0,0,0,0,0,0,0,1,0,0,0,3,42,50,1
1,0,3524,0,0,0,0,0,0,0,0,0,14,0,0,0,2,45,30,1
0,0,-1,0,0,0,0,0,0,0,0,0,1,0,0,0,3,39,50,1
0,0,-1,0,0,0,0,0,0,0,0,0,1,0,0,0,3,37,50,1
0,0,-1,0,0,0,0,0,0,0,0,0,1,0,0,0,4,45,60,1
0,0,-1,0,0,0,0,0,0,0,0,0,0,0,0,0,3,44,50,1
0,0,1211,0,0,0,0,0,0,0,0,0,0,0,0,0,4,44,60,1
0,0,-1,0,0,0,0,0,0,0,0,0,0,0,0,0,4,46,60,1
0,0,4143,0,0,0,0,0,0,0,0,0,0,0,0,0,3,49,50,1
0,0,-1,0,0,0,0,0,0,0,0,0,0,0,0,0,3,53,50,1
0,0,360,0,0,0,0,0,0,0,0,0,0,0,0,0,3,42,50,1
0,0,-1,0,0,0,0,0,0,0,0,0,0,0,0,0,3,53,50,1
0,0,-1,0,0,0,0,0,0,0,0,0,0,0,0,0,4,40,60,1
1,0,2244,0,0,0,0,0,0,0,0,0,0,0,0,0,3,39,40,1
0,0,-1,0,0,0,0,0,0,0,0,0,0,0,0,0,3,40,50,1
0,0,-1,0,0,0,0,0,0,0,0,0,0,0,0,0,3,43,50,1
1,1,730,0,0,0,0,0,0,0,0,0,0,0,0,0,2,43,30,1
1,1,-1,0,0,0,0,0,0,0,0,0,0,0,0,0,2,46,30,1
0,0,-1,0,0,0,0,0,0,0,0,0,0,0,0,0,4,45,60,1
0,0,388,0,0,0,0,0,0,0,0,0,0,0,0,0,4,42,60,1
1,1,7631,0,0,0,0,0,0,0,0,0,0,0,0,0,2,46,30,1
0,0,1991,0,0,0,0,0,0,0,0,0,0,0,0,0,3,47,50,1
1,1,185,0,0,0,0,0,0,0,0,0,0,0,0,0,2,45,30,1
0,0,-1,0,0,0,0,0,0,0,0,0,0,0,0,0,3,40,50,1
0,0,-1,0,0,0,0,0,0,0,0,0,0,0,0,0,3,39,50,1
0,0,-1,0,0,0,0,0,0,0,0,0,0,0,0,0,3,39,50,1
1,0,37,0,0,0,0,0,0,0,0,0,0,0,0,0,2,42,30,1
0,0,-1,0,0,0,0,0,0,0,0,0,0,0,0,0,3,49,50,1
0,0,-1,0,0,0,0,0,0,0,0,0,0,0,0,0,3,43,50,1
1,1,7108,0,0,0,0,0,0,0,0,0,0,0,0,0,2,38,30,1
0,0,382,0,0,0,0,0,0,0,0,0,0,0,0,0,4,42,60,1
1,1,5827,0,0,0,0,0,0,0,0,0,0,0,0,0,2,47,30,1
0,0,-1,0,0,0,0,0,0,0,0,0,0,0,0,0,4,38,60,1
1,1,4847,0,0,0,0,0,0,1,0,0,0,0,1,0,0,42,0,1
0,0,3774,0,0,0,0,0,0,0,0,0,0,0,0,0,4,42,60,1
0,0,-1,0,0,0,0,0,0,0,0,0,0,0,0,0,3,45,50,1
0,0,-1,0,0,0,0,0,0,0,0,0,0,0,0,0,3,42,50,1
0,0,430,0,0,0,0,0,0,0,0,0,0,0,0,0,3,38,50,1
0,0,-1,0,0,0,0,0,0,0,0,0,0,0,0,0,3,37,50,1
0,0,-1,0,0,0,0,0,0,0,0,0,0,0,0,0,3,47,50,1
0,0,-1,0,0,0,0,0,0,0,0,0,0,0,0,0,3,41,50,1
0,0,-1,0,0,0,0,0,0,0,0,0,0,0,0,0,3,38,50,1
1,1,6890,0,0,0,0,0,0,0,0,0,0,0,0,0,2,47,30,1
0,0,-1,0,0,0,0,0,0,0,0,0,0,0,0,0,3,36,50,1
0,0,1211,0,0,0,0,0,0,0,0,0,0,0,0,0,4,38,60,1
1,0,148,0,0,0,0,0,0,0,0,0,0,0,0,0,2,42,30,1
1,1,147,0,0,0,0,0,0,0,0,0,0,0,0,0,2,38,30,1
0,0,-1,0,0,0,0,0,0,0,0,0,0,0,0,0,3,45,50,1
0,0,-1,0,0,0,0,0,0,0,0,0,0,0,0,0,3,43,50,1
1,0,353,0,0,0,0,0,0,0,0,0,0,0,0,0,2,39,30,1
0,0,-1,0,0,0,0,0,0,0,0,0,0,0,0,0,4,40,60,1
0,0,5258,0,0,0,0,0,0,0,0,0,0,0,0,0,3,34,50,1
0,0,-1,0,0,0,0,0,0,0,0,0,0,0,0,0,4,43,60,1
0,0,-1,0,0,0,0,0,0,0,0,0,0,0,0,0,4,42,60,1
1,1,6890,0,0,0,0,0,0,0,0,0,0,0,0,0,2,40,30,1
1,1,3501,0,0,0,0,0,0,0,0,0,0,0,0,0,2,42,30,1
0,0,1211,0,0,0,0,0,0,0,0,0,0,0,0,0,4,37,60,1
0,0,-1,0,0,0,0,0,0,0,0,0,0,0,0,0,3,40,50,1
0,0,-1,0,0,0,0,0,0,0,0,0,0,0,0,0,3,38,50,1
1,0,396,0,0,0,0,0,0,0,0,0,0,0,0,0,2,40,30,1
0,0,-1,0,0,0,0,0,0,0,0,0,0,0,0,0,3,34,50,1
0,0,-1,0,0,0,0,0,0,0,0,0,0,0,0,0,3,39,50,1
0,0,-1,0,0,0,0,0,0,0,0,0,0,0,0,0,3,43,50,1
1,0,10676,0,0,0,0,0,0,0,0,0,0,0,0,0,2,38,30,1
0,0,-1,0,0,0,0,0,0,0,0,0,0,0,0,0,3,44,50,1
0,0,-1,0,0,0,0,0,0,0,0,0,0,0,0,0,3,39,50,1
0,0,-1,0,0,0,0,0,0,0,0,0,0,0,0,0,3,39,50,1
0,0,218,0,0,0,0,0,0,0,0,0,0,0,0,0,3,45,50,1
0,0,-1,0,0,0,0,0,0,0,0,0,0,0,0,0,3,35,50,1
0,0,388,0,0,0,0,0,0,0,0,0,0,0,0,0,4,38,60,1
0,0,-1,0,0,0,0,0,0,0,0,0,0,0,0,0,3,38,50,1
1,0,3207,0,0,0,0,0,0,0,0,0,0,0,0,0,2,41,30,1
0,0,-1,0,0,0,0,0,0,0,0,0,0,0,0,0,3,40,50,1
0,0,-1,0,0,0,0,0,0,0,0,0,0,0,0,0,3,42,50,1
1,0,40,0,0,0,0,0,0,0,0,0,0,0,0,0,2,39,30,1
0,0,-1,0,0,0,0,0,0,0,0,0,0,0,0,0,3,43,50,1
0,0,-1,0,0,0,0,0,0,0,0,0,0,0,0,0,3,42,50,1
0,0,-1,0,0,0,0,0,0,0,0,0,0,0,0,0,3,39,50,1
0,0,-1,0,0,0,0,0,0,0,0,0,0,0,0,0,3,47,50,1
0,0,-1,0,0,0,0,0,0,0,0,0,0,0,0,0,3,38,50,1
0,0,-1,0,0,0,0,0,0,0,0,0,0,0,0,0,3,41,50,1
0,0,-1,0,0,0,0,0,0,0,0,0,0,0,0,0,3,41,50,1
0,0,-1,0,0,0,0,0,0,0,0,0,0,0,0,0,3,41,50,1
0,0,-1,0,0,0,0,0,0,0,0,0,0,0,0,0,3,40,50,1
0,0,-1,0,0,0,0,0,0,0,0,0,0,0,0,0,3,42,50,1
0,0,-1,0,0,0,0,0,0,0,0,0,0,0,0,0,3,46,50,1
0,0,-1,0,0,0,0,0,0,0,0,0,0,0,0,0,3,41,50,1
0,0,-1,0,0,0,0,0,0,0,0,0,0,0,0,0,3,42,50,1
0,0,-1,0,0,0,0,0,0,0,0,0,0,0,0,0,3,40,50,1
0,0,-1,0,0,0,0,0,0,0,0,0,0,0,0,0,3,44,50,1
0,0,-1,0,0,0,0,0,0,0,0,0,0,0,0,0,3,43,50,1
1,1,2200,0,0,0,0,0,0,0,0,0,0,0,0,0,2,34,30,1
0,0,-1,0,0,0,0,0,0,0,0,0,0,0,0,0,3,39,50,1
0,0,-1,0,0,0,0,0,0,0,0,0,0,0,0,0,3,40,50,1
0,0,1469,0,0,0,0,0,0,0,0,0,0,0,0,0,3,37,50,1
1,1,108,0,0,0,0,0,0,0,0,0,0,0,0,0,2,43,30,1
0,0,-1,0,0,0,0,0,0,0,0,0,0,0,0,0,3,39,50,1
0,0,-1,0,0,0,0,0,0,0,0,0,0,0,0,0,4,39,60,1
0,0,-1,0,0,0,0,0,0,0,0,0,0,0,0,0,3,43,50,1
1,0,-1,0,0,0,0,0,0,0,0,0,0,0,0,0,2,41,30,1
1,1,5871,0,0,0,0,0,0,0,0,0,0,0,0,0,2,41,30,1
0,0,-1,0,0,0,0,0,0,0,0,0,0,0,0,0,3,43,50,1
1,1,6029,0,0,0,0,0,0,0,0,0,0,0,0,0,2,42,30,1
0,0,-1,0,0,0,0,0,0,0,0,0,0,0,0,0,3,41,50,1
0,0,-1,0,0,0,0,0,0,0,0,0,0,0,0,0,3,43,50,1
1,1,10475,0,1,0,0,0,1,1,0,0,0,0,1,0,2,23,10,0
1,0,998,0,0,0,0,0,0,1,0,0,1,0,1,0,0,21,0,0
1,1,5959,0,0,1,0,0,1,1,0,0,0,0,1,0,2,24,10,0
1,1,10463,0,0,0,0,0,1,1,0,0,0,0,1,0,1,15,5,0
1,1,9969,0,0,0,0,0,0,1,0,0,1,0,1,0,0,22,0,0
1,1,7162,0,0,0,0,0,0,1,0,0,0,0,1,0,0,17,0,0
1,1,8472,0,0,0,0,0,0,1,0,0,9,0,1,0,0,25,0,0
1,1,-1,0,1,0,0,0,0,1,0,0,0,0,1,0,1,24,5,0
1,1,-1,0,0,0,0,0,0,1,0,0,1,0,1,0,0,19,0,0
1,1,-1,0,0,0,0,0,0,1,0,0,0,0,1,0,0,19,0,0
0,0,0,0,0,0,0,0,0,0,0,0,0,0,0,0,,19,,0
1,1,6330,0,0,0,0,0,0,1,0,0,0,0,1,0,0,20,0,0
1,1,7850,0,0,0,0,0,0,1,0,0,1,0,1,0,0,19,0,0
1,1,10475,0,0,0,0,0,0,1,0,0,0,0,1,0,0,18,0,0
1,1,7765,0,0,0,0,0,0,0,0,0,0,0,0,0,2,19,30,0
0,0,10645,0,0,0,0,0,0,0,0,0,0,0,0,0,3,20,50,0
0,0,8021,0,0,0,0,0,0,0,0,0,0,0,0,0,3,21,50,0
1,0,1268,0,0,0,0,0,0,1,0,0,0,0,1,0,0,19,0,0
1,1,7692,0,0,0,0,0,0,1,0,0,0,0,1,0,0,18,0,0
1,1,9259,0,0,0,0,0,0,1,0,0,0,0,1,0,0,21,0,0
1,1,12102,0,0,0,0,0,0,0,0,0,0,0,0,0,2,13,30,0
1,1,6468,0,0,0,0,0,0,0,0,0,0,0,0,0,2,20,30,0
1,1,11446,0,0,0,0,0,0,1,0,0,0,0,1,0,0,17,0,0
1,1,11524,0,0,0,0,0,0,1,0,0,0,0,1,0,1,18,20,0
1,1,10896,0,0,0,0,0,0,1,0,0,0,0,1,0,0,18,0,0
1,1,6766,0,0,0,0,0,1,1,0,0,0,0,1,0,1,22,5,0
0,0,0,0,0,0,0,0,0,0,0,0,0,0,0,0,,16,,0
1,1,-1,0,0,1,0,0,0,1,0,0,0,0,1,0,1,19,5,0
0,0,8601,0,0,0,0,0,0,0,0,0,0,0,0,0,3,20,50,0
0,1,8717,0,0,0,0,0,0,0,0,0,0,0,0,0,3,27,50,0
1,1,10418,0,0,0,0,0,0,1,0,0,0,0,1,0,0,19,0,0
1,1,8423,0,0,0,0,0,0,0,0,0,0,0,0,0,2,16,30,0
1,1,12803,0,0,0,0,0,0,1,0,0,0,0,1,0,0,21,0,0
1,1,11515,0,0,0,0,0,0,1,0,0,0,0,1,0,1,15,20,0
1,1,11467,0,0,0,0,0,0,1,0,0,0,0,1,0,0,16,0,0
1,1,10814,0,0,0,0,0,1,1,0,0,0,0,1,0,1,18,5,0
1,1,6020,0,0,0,0,0,0,1,0,0,0,0,1,0,0,21,0,0
1,1,11608,0,0,0,0,0,0,0,0,0,0,0,0,0,2,19,30,0
1,1,6191,0,0,0,0,0,0,1,0,0,0,0,1,0,0,17,0,0
1,1,10467,0,0,0,0,0,0,1,0,0,0,0,1,0,0,17,0,0
1,1,10475,0,0,1,0,0,0,1,0,0,0,0,1,0,1,25,5,0
1,1,6799,0,0,0,0,0,0,1,0,0,0,0,1,0,6,18,60,0
1,1,9147,0,0,0,0,0,0,1,0,0,0,0,1,0,1,17,20,0
1,1,9327,0,0,0,0,0,0,0,0,0,0,0,0,0,2,19,30,0
1,1,7333,0,0,0,0,0,0,1,0,0,0,0,1,0,1,19,20,0
1,1,10478,0,0,0,0,0,0,1,0,0,0,0,1,0,1,17,20,0
0,0,0,0,0,0,0,0,0,0,0,0,0,0,0,0,,17,,0
0,0,0,0,0,0,0,0,0,0,0,0,0,0,0,0,,18,,0
1,1,10013,0,0,0,0,0,0,1,0,0,0,0,1,0,1,17,20,0
1,1,9807,0,0,0,0,0,0,1,0,0,0,0,1,0,1,18,20,0
1,1,11203,0,1,0,0,0,0,1,0,0,0,0,1,0,2,17,20,0
1,1,11094,0,0,0,0,0,0,1,0,0,0,0,1,0,0,16,0,0
0,0,9617,0,0,0,0,0,0,0,0,0,0,0,0,0,3,19,50,0
1,0,2847,0,0,0,0,0,0,1,0,0,0,0,1,0,1,17,0,0
1,1,8147,0,0,0,0,0,0,1,0,0,0,0,1,0,1,18,20,0
1,1,7340,0,0,0,0,0,0,1,0,0,0,0,1,0,0,22,0,0
1,1,10558,0,0,0,0,0,0,1,0,0,0,0,1,0,0,14,0,0
1,1,11248,0,0,0,0,0,0,0,0,0,0,0,0,0,2,16,30,0
1,1,11811,0,0,1,0,0,0,1,0,0,0,0,1,0,1,19,5,0
0,0,13459,0,0,0,0,0,0,0,0,0,0,0,0,0,3,15,50,0
1,1,8193,0,0,0,0,0,0,0,0,0,0,0,0,0,2,20,30,0
1,1,11410,0,0,0,0,0,0,1,0,0,0,0,1,0,0,19,0,0
0,0,0,0,0,0,0,0,0,0,0,0,0,0,0,0,,20,,0
1,1,9972,0,0,0,0,0,0,1,0,0,0,0,1,0,0,21,0,0
0,0,7737,0,0,0,0,0,0,0,0,0,0,0,0,0,3,23,50,0
1,1,11552,0,0,0,0,0,0,1,0,0,0,0,1,0,0,16,0,0
1,1,10542,0,0,0,0,0,0,1,0,0,0,0,1,0,1,16,20,0
1,1,7062,0,0,0,0,0,1,1,0,0,0,0,1,0,1,18,5,0
1,1,11929,0,0,0,0,0,0,0,0,0,0,0,0,0,2,15,30,0
1,1,11496,0,0,0,0,0,0,1,0,0,0,0,1,0,0,19,0,0
1,1,10261,0,0,0,0,0,0,1,0,0,0,0,1,0,0,19,0,0
0,0,0,0,0,0,0,0,0,0,0,0,0,0,0,0,,15,,0
1,1,14430,0,0,0,0,0,0,1,0,0,0,0,1,0,1,17,20,0
1,1,10885,0,0,0,0,0,0,0,0,0,0,0,0,0,2,17,30,0
1,1,6073,0,0,0,0,0,1,1,0,0,0,0,1,0,1,18,5,0
1,1,10279,0,0,0,0,0,0,1,0,0,0,0,1,0,0,18,0,0
1,1,10984,0,0,0,0,0,0,1,0,0,0,0,1,0,1,18,20,0
0,0,0,0,0,0,0,0,0,0,0,0,0,0,0,0,,17,,0
1,1,8141,0,0,0,0,0,0,0,0,0,0,0,0,1,3,16,55,0
1,1,7882,0,0,0,0,0,0,1,0,0,0,0,1,0,0,20,0,0
1,1,-1,0,0,0,0,0,0,1,0,0,0,0,1,0,0,21,0,0
1,1,9416,0,0,0,0,0,0,1,0,0,0,0,1,0,0,24,0,0
1,1,9549,0,0,0,0,0,0,1,0,0,0,0,1,0,1,17,20,0
1,1,10312,0,0,0,0,0,0,0,0,0,0,0,0,0,2,23,30,0
1,1,10463,0,0,0,0,0,1,1,0,0,0,0,1,0,1,15,5,0
1,1,7741,0,0,0,0,0,0,1,0,0,0,0,1,0,0,19,0,0
1,1,9555,0,0,0,0,0,0,1,0,0,0,0,1,0,1,22,20,0
1,1,10885,0,0,1,0,0,1,1,0,0,0,0,1,0,3,20,15,0
1,1,10352,0,0,0,0,0,0,1,0,0,0,0,1,0,0,17,0,0
1,1,11642,0,0,0,0,0,0,0,0,0,0,0,0,0,2,23,30,0
1,1,7298,0,0,0,0,0,0,1,0,0,0,0,1,0,0,26,0,0
1,1,9412,0,0,0,0,0,0,1,0,0,0,0,1,0,0,20,0,0
1,1,9333,0,0,0,0,0,0,1,0,0,0,0,1,0,0,22,0,0
1,1,-1,0,0,0,0,0,1,1,0,0,0,0,1,0,1,16,5,0
1,1,10662,0,0,0,0,0,0,1,0,0,0,0,1,0,1,17,20,0
1,1,11239,0,0,0,0,0,0,1,0,0,0,0,1,1,2,17,25,0
1,1,3726,0,0,0,0,0,0,0,0,0,0,0,0,0,2,17,30,0
0,0,0,0,0,0,0,0,0,0,0,0,0,0,0,0,,17,,0
1,1,11164,0,0,0,0,0,0,0,0,0,0,0,0,0,2,23,30,0
1,1,6000,0,0,0,0,0,0,1,0,0,0,0,1,0,0,20,0,0
1,1,5906,0,0,0,0,0,0,1,0,0,0,0,1,0,0,23,0,0
1,0,11339,0,0,0,0,0,0,1,0,0,0,0,1,0,1,19,20,0
1,1,9589,0,0,0,0,0,0,1,0,0,0,0,1,0,1,18,20,0
0,0,10060,0,0,0,0,0,0,0,0,0,0,0,0,0,3,21,50,0
1,1,11612,0,0,0,0,0,0,1,0,0,0,0,1,0,0,18,0,0
1,1,9412,0,0,0,0,0,0,1,0,0,0,0,1,0,0,25,0,0
1,1,6070,0,0,1,0,0,0,1,0,0,0,0,1,0,1,20,5,0
1,1,9899,0,0,0,0,0,0,1,0,0,0,0,1,0,0,17,0,0
1,1,11254,0,0,0,0,0,0,1,0,0,0,0,1,0,0,16,0,0
1,1,10328,0,0,0,0,0,0,1,0,0,0,0,1,0,0,15,0,0
1,1,5196,0,0,0,0,0,0,0,0,0,0,0,0,0,2,20,30,0
1,1,9865,0,0,0,0,0,0,1,0,0,0,0,1,0,1,21,0,0
1,0,2736,0,0,0,0,0,0,1,0,0,0,0,1,0,0,21,0,0
1,1,5959,0,0,1,0,0,1,1,0,0,13,542,1,0,2,580,10,0
